{
  "medium": {
    "precision": 0.9132566838482791,
    "recall": 0.9129554655870445,
    "f1": 0.9129160789944776,
    "cohen_kappa": 0.8835557114821677,
    "per_class_report": {
      "mixed": {
        "precision": 0.9130434782608695,
        "recall": 0.9064748201438849,
        "f1-score": 0.9097472924187726,
        "support": 139.0
      },
      "negative": {
        "precision": 0.9122807017543859,
        "recall": 0.9454545454545454,
        "f1-score": 0.9285714285714286,
        "support": 110.0
      },
      "neutral": {
        "precision": 0.8955223880597015,
        "recall": 0.9090909090909091,
        "f1-score": 0.9022556390977443,
        "support": 132.0
      },
      "positive": {
        "precision": 0.9351851851851852,
        "recall": 0.8938053097345132,
        "f1-score": 0.9140271493212669,
        "support": 113.0
      },
      "accuracy": 0.9129554655870445,
      "macro avg": {
        "precision": 0.9140079383150355,
        "recall": 0.9137063961059632,
        "f1-score": 0.9136503773523031,
        "support": 494.0
      },
      "weighted avg": {
        "precision": 0.9132566838482791,
        "recall": 0.9129554655870445,
        "f1-score": 0.9129160789944776,
        "support": 494.0
      }
    },
    "confusion_matrix": [
      [
        126,
        6,
        6,
        1
      ],
      [
        3,
        104,
        1,
        2
      ],
      [
        6,
        2,
        120,
        4
      ],
      [
        3,
        2,
        7,
        101
      ]
    ]
  }
}