{
  "entertainment": {
    "precision": 0.9229122812331207,
    "recall": 0.9224137931034483,
    "f1": 0.9222589291669446,
    "cohen_kappa": 0.8959744918294141,
    "per_class_report": {
      "mixed": {
        "precision": 0.9090909090909091,
        "recall": 0.9090909090909091,
        "f1-score": 0.9090909090909091,
        "support": 33.0
      },
      "negative": {
        "precision": 0.9130434782608695,
        "recall": 0.875,
        "f1-score": 0.8936170212765957,
        "support": 24.0
      },
      "neutral": {
        "precision": 0.9090909090909091,
        "recall": 0.967741935483871,
        "f1-score": 0.9375,
        "support": 31.0
      },
      "positive": {
        "precision": 0.9629629629629629,
        "recall": 0.9285714285714286,
        "f1-score": 0.9454545454545454,
        "support": 28.0
      },
      "accuracy": 0.9224137931034483,
      "macro avg": {
        "precision": 0.9235470648514126,
        "recall": 0.9201010682865522,
        "f1-score": 0.9214156189555125,
        "support": 116.0
      },
      "weighted avg": {
        "precision": 0.9229122812331207,
        "recall": 0.9224137931034483,
        "f1-score": 0.9222589291669446,
        "support": 116.0
      }
    },
    "confusion_matrix": [
      [
        30,
        1,
        2,
        0
      ],
      [
        1,
        21,
        1,
        1
      ],
      [
        1,
        0,
        30,
        0
      ],
      [
        1,
        1,
        0,
        26
      ]
    ]
  },
  "finance": {
    "precision": 0.9517320261437908,
    "recall": 0.9509803921568627,
    "f1": 0.9506045751633988,
    "cohen_kappa": 0.9330708661417323,
    "per_class_report": {
      "mixed": {
        "precision": 0.9583333333333334,
        "recall": 0.8846153846153846,
        "f1-score": 0.92,
        "support": 26.0
      },
      "negative": {
        "precision": 0.92,
        "recall": 1.0,
        "f1-score": 0.9583333333333334,
        "support": 23.0
      },
      "neutral": {
        "precision": 0.9444444444444444,
        "recall": 0.9444444444444444,
        "f1-score": 0.9444444444444444,
        "support": 36.0
      },
      "positive": {
        "precision": 1.0,
        "recall": 1.0,
        "f1-score": 1.0,
        "support": 17.0
      },
      "accuracy": 0.9509803921568627,
      "macro avg": {
        "precision": 0.9556944444444444,
        "recall": 0.9572649572649572,
        "f1-score": 0.9556944444444444,
        "support": 102.0
      },
      "weighted avg": {
        "precision": 0.9517320261437908,
        "recall": 0.9509803921568627,
        "f1-score": 0.9506045751633988,
        "support": 102.0
      }
    },
    "confusion_matrix": [
      [
        23,
        1,
        2,
        0
      ],
      [
        0,
        23,
        0,
        0
      ],
      [
        1,
        1,
        34,
        0
      ],
      [
        0,
        0,
        0,
        17
      ]
    ]
  },
  "healthcare": {
    "precision": 0.9000883652430045,
    "recall": 0.8969072164948454,
    "f1": 0.8971183167394247,
    "cohen_kappa": 0.8620395391836154,
    "per_class_report": {
      "mixed": {
        "precision": 0.9285714285714286,
        "recall": 0.896551724137931,
        "f1-score": 0.9122807017543859,
        "support": 29.0
      },
      "negative": {
        "precision": 0.84,
        "recall": 0.9545454545454546,
        "f1-score": 0.8936170212765957,
        "support": 22.0
      },
      "neutral": {
        "precision": 0.875,
        "recall": 0.875,
        "f1-score": 0.875,
        "support": 24.0
      },
      "positive": {
        "precision": 0.95,
        "recall": 0.8636363636363636,
        "f1-score": 0.9047619047619048,
        "support": 22.0
      },
      "accuracy": 0.8969072164948454,
      "macro avg": {
        "precision": 0.8983928571428572,
        "recall": 0.8974333855799373,
        "f1-score": 0.8964149069482216,
        "support": 97.0
      },
      "weighted avg": {
        "precision": 0.9000883652430045,
        "recall": 0.8969072164948454,
        "f1-score": 0.8971183167394247,
        "support": 97.0
      }
    },
    "confusion_matrix": [
      [
        26,
        2,
        1,
        0
      ],
      [
        0,
        21,
        0,
        1
      ],
      [
        2,
        1,
        21,
        0
      ],
      [
        0,
        1,
        2,
        19
      ]
    ]
  },
  "sports": {
    "precision": 0.8649721530987083,
    "recall": 0.865979381443299,
    "f1": 0.8625430075240168,
    "cohen_kappa": 0.8178008958243028,
    "per_class_report": {
      "mixed": {
        "precision": 0.8571428571428571,
        "recall": 0.8888888888888888,
        "f1-score": 0.8727272727272727,
        "support": 27.0
      },
      "negative": {
        "precision": 0.9310344827586207,
        "recall": 0.9642857142857143,
        "f1-score": 0.9473684210526315,
        "support": 28.0
      },
      "neutral": {
        "precision": 0.8333333333333334,
        "recall": 0.625,
        "f1-score": 0.7142857142857143,
        "support": 16.0
      },
      "positive": {
        "precision": 0.8214285714285714,
        "recall": 0.8846153846153846,
        "f1-score": 0.8518518518518519,
        "support": 26.0
      },
      "accuracy": 0.865979381443299,
      "macro avg": {
        "precision": 0.8607348111658457,
        "recall": 0.840697496947497,
        "f1-score": 0.8465583149793676,
        "support": 97.0
      },
      "weighted avg": {
        "precision": 0.8649721530987083,
        "recall": 0.865979381443299,
        "f1-score": 0.8625430075240168,
        "support": 97.0
      }
    },
    "confusion_matrix": [
      [
        24,
        2,
        0,
        1
      ],
      [
        1,
        27,
        0,
        0
      ],
      [
        2,
        0,
        10,
        4
      ],
      [
        1,
        0,
        2,
        23
      ]
    ]
  },
  "technology": {
    "precision": 0.9389968652037617,
    "recall": 0.9318181818181818,
    "f1": 0.9311707347421635,
    "cohen_kappa": 0.9082855653986451,
    "per_class_report": {
      "mixed": {
        "precision": 0.92,
        "recall": 0.9583333333333334,
        "f1-score": 0.9387755102040817,
        "support": 24.0
      },
      "negative": {
        "precision": 1.0,
        "recall": 0.9473684210526315,
        "f1-score": 0.972972972972973,
        "support": 19.0
      },
      "neutral": {
        "precision": 0.8620689655172413,
        "recall": 1.0,
        "f1-score": 0.9259259259259259,
        "support": 25.0
      },
      "positive": {
        "precision": 1.0,
        "recall": 0.8,
        "f1-score": 0.8888888888888888,
        "support": 20.0
      },
      "accuracy": 0.9318181818181818,
      "macro avg": {
        "precision": 0.9455172413793103,
        "recall": 0.9264254385964912,
        "f1-score": 0.9316408244979674,
        "support": 88.0
      },
      "weighted avg": {
        "precision": 0.9389968652037617,
        "recall": 0.9318181818181818,
        "f1-score": 0.9311707347421635,
        "support": 88.0
      }
    },
    "confusion_matrix": [
      [
        23,
        0,
        1,
        0
      ],
      [
        1,
        18,
        0,
        0
      ],
      [
        0,
        0,
        25,
        0
      ],
      [
        1,
        0,
        3,
        16
      ]
    ]
  }
}