_conf_tier,n_samples,accuracy,n_errors,mean_confidence
"(0.299, 0.8]",133,0.6917293233082706,41,0.703609022556391
"(0.8, 0.87]",135,0.9851851851851852,2,0.842
"(0.87, 0.93]",122,1.0,0,0.904016393442623
"(0.93, 0.99]",110,1.0,0,0.9704545454545455
