{
  "gpt4": {
    "precision": 0.9142625159228014,
    "recall": 0.914,
    "f1": 0.9139465582015075,
    "cohen_kappa": 0.8850304268312247,
    "per_class_report": {
      "mixed": {
        "precision": 0.9130434782608695,
        "recall": 0.9064748201438849,
        "f1-score": 0.9097472924187726,
        "support": 139.0
      },
      "negative": {
        "precision": 0.9166666666666666,
        "recall": 0.9482758620689655,
        "f1-score": 0.9322033898305084,
        "support": 116.0
      },
      "neutral": {
        "precision": 0.8955223880597015,
        "recall": 0.9090909090909091,
        "f1-score": 0.9022556390977443,
        "support": 132.0
      },
      "positive": {
        "precision": 0.9351851851851852,
        "recall": 0.8938053097345132,
        "f1-score": 0.9140271493212669,
        "support": 113.0
      },
      "accuracy": 0.914,
      "macro avg": {
        "precision": 0.9151044295431057,
        "recall": 0.9144117252595682,
        "f1-score": 0.9145583676670731,
        "support": 500.0
      },
      "weighted avg": {
        "precision": 0.9142625159228014,
        "recall": 0.914,
        "f1-score": 0.9139465582015075,
        "support": 500.0
      }
    },
    "confusion_matrix": [
      [
        126,
        6,
        6,
        1
      ],
      [
        3,
        110,
        1,
        2
      ],
      [
        6,
        2,
        120,
        4
      ],
      [
        3,
        2,
        7,
        101
      ]
    ],
    "bootstrap": {
      "precision": {
        "mean": 0.9143202363309463,
        "std": 0.012797060159463905,
        "ci_lower": 0.888069999604229,
        "ci_upper": 0.9380158133379595,
        "n_successful": 1000
      },
      "recall": {
        "mean": 0.913452,
        "std": 0.012948965055169473,
        "ci_lower": 0.886,
        "ci_upper": 0.938,
        "n_successful": 1000
      },
      "f1": {
        "mean": 0.9133856062443046,
        "std": 0.012961918622667505,
        "ci_lower": 0.8863380769568341,
        "ci_upper": 0.9377584390114764,
        "n_successful": 1000
      },
      "cohen_kappa": {
        "mean": 0.8840980975808361,
        "std": 0.017354848859028486,
        "ci_lower": 0.8474118846357891,
        "ci_upper": 0.9163125274415418,
        "n_successful": 1000
      }
    },
    "ece": 0.1399
  },
  "gpt35": {
    "precision": 0.8141901199875117,
    "recall": 0.814,
    "f1": 0.8140639000646258,
    "cohen_kappa": 0.7513993809042647,
    "per_class_report": {
      "mixed": {
        "precision": 0.8321167883211679,
        "recall": 0.8201438848920863,
        "f1-score": 0.8260869565217391,
        "support": 139.0
      },
      "negative": {
        "precision": 0.8260869565217391,
        "recall": 0.8189655172413793,
        "f1-score": 0.8225108225108225,
        "support": 116.0
      },
      "neutral": {
        "precision": 0.7985074626865671,
        "recall": 0.8106060606060606,
        "f1-score": 0.8045112781954887,
        "support": 132.0
      },
      "positive": {
        "precision": 0.7982456140350878,
        "recall": 0.8053097345132744,
        "f1-score": 0.801762114537445,
        "support": 113.0
      },
      "accuracy": 0.814,
      "macro avg": {
        "precision": 0.8137392053911404,
        "recall": 0.8137562993132001,
        "f1-score": 0.8137177929413738,
        "support": 500.0
      },
      "weighted avg": {
        "precision": 0.8141901199875117,
        "recall": 0.814,
        "f1-score": 0.8140639000646258,
        "support": 500.0
      }
    },
    "confusion_matrix": [
      [
        114,
        7,
        10,
        8
      ],
      [
        7,
        95,
        9,
        5
      ],
      [
        10,
        5,
        107,
        10
      ],
      [
        6,
        8,
        8,
        91
      ]
    ],
    "bootstrap": {
      "precision": {
        "mean": 0.8157977897310916,
        "std": 0.017515212160993502,
        "ci_lower": 0.7813643842453196,
        "ci_upper": 0.8506633491932303,
        "n_successful": 1000
      },
      "recall": {
        "mean": 0.8144060000000001,
        "std": 0.01766145984906115,
        "ci_lower": 0.78,
        "ci_upper": 0.84805,
        "n_successful": 1000
      },
      "f1": {
        "mean": 0.8144735868176716,
        "std": 0.017644191310638248,
        "ci_lower": 0.780173253586622,
        "ci_upper": 0.8489758562497159,
        "n_successful": 1000
      },
      "cohen_kappa": {
        "mean": 0.7515872930593516,
        "std": 0.023604247265078433,
        "ci_lower": 0.7044780265883002,
        "ci_upper": 0.7968434793428222,
        "n_successful": 1000
      }
    },
    "ece": 0.12634
  },
  "_krippendorff_alpha": 0.7648876114112708
}