{
  "gpt4":{
    "precision":0.9142625159,
    "recall":0.914,
    "f1":0.9139465582,
    "cohen_kappa":0.8850304268
  },
  "gpt35":{
    "precision":0.81419012,
    "recall":0.814,
    "f1":0.8140639001,
    "cohen_kappa":0.7513993809
  }
}