model,precision,recall,f1,cohen_kappa
gpt4,0.9142625159228014,0.914,0.9139465582015075,0.8850304268312247
gpt35,0.8141901199875117,0.814,0.8140639000646258,0.7513993809042647
