_conf_tier,n_samples,accuracy,n_errors,mean_confidence
"(0.069, 0.78]",130,0.3769230769230769,81,0.5957692307692308
"(0.78, 0.86]",137,0.9562043795620438,6,0.8272992700729928
"(0.86, 0.93]",130,0.9692307692307692,4,0.9020769230769231
"(0.93, 0.99]",103,0.9805825242718447,2,0.9670873786407767
