{
  "entertainment": {
    "precision": 0.824090307181574,
    "recall": 0.8189655172413793,
    "f1": 0.8190690299108149,
    "cohen_kappa": 0.7573946818046011,
    "per_class_report": {
      "mixed": {
        "precision": 0.7714285714285715,
        "recall": 0.8181818181818182,
        "f1-score": 0.7941176470588235,
        "support": 33.0
      },
      "negative": {
        "precision": 0.8076923076923077,
        "recall": 0.875,
        "f1-score": 0.84,
        "support": 24.0
      },
      "neutral": {
        "precision": 0.8125,
        "recall": 0.8387096774193549,
        "f1-score": 0.8253968253968254,
        "support": 31.0
      },
      "positive": {
        "precision": 0.9130434782608695,
        "recall": 0.75,
        "f1-score": 0.8235294117647058,
        "support": 28.0
      },
      "accuracy": 0.8189655172413793,
      "macro avg": {
        "precision": 0.8261660893454372,
        "recall": 0.8204728739002933,
        "f1-score": 0.8207609710550887,
        "support": 116.0
      },
      "weighted avg": {
        "precision": 0.824090307181574,
        "recall": 0.8189655172413793,
        "f1-score": 0.8190690299108149,
        "support": 116.0
      }
    },
    "confusion_matrix": [
      [
        27,
        3,
        3,
        0
      ],
      [
        2,
        21,
        1,
        0
      ],
      [
        3,
        0,
        26,
        2
      ],
      [
        3,
        2,
        2,
        21
      ]
    ]
  },
  "finance": {
    "precision": 0.8070768301746563,
    "recall": 0.803921568627451,
    "f1": 0.804060528144204,
    "cohen_kappa": 0.7307996832937451,
    "per_class_report": {
      "mixed": {
        "precision": 0.8695652173913043,
        "recall": 0.7692307692307693,
        "f1-score": 0.8163265306122449,
        "support": 26.0
      },
      "negative": {
        "precision": 0.7916666666666666,
        "recall": 0.8260869565217391,
        "f1-score": 0.8085106382978723,
        "support": 23.0
      },
      "neutral": {
        "precision": 0.7692307692307693,
        "recall": 0.8333333333333334,
        "f1-score": 0.8,
        "support": 36.0
      },
      "positive": {
        "precision": 0.8125,
        "recall": 0.7647058823529411,
        "f1-score": 0.7878787878787878,
        "support": 17.0
      },
      "accuracy": 0.803921568627451,
      "macro avg": {
        "precision": 0.8107406633221851,
        "recall": 0.7983392353596958,
        "f1-score": 0.8031789891972263,
        "support": 102.0
      },
      "weighted avg": {
        "precision": 0.8070768301746563,
        "recall": 0.803921568627451,
        "f1-score": 0.804060528144204,
        "support": 102.0
      }
    },
    "confusion_matrix": [
      [
        20,
        1,
        3,
        2
      ],
      [
        0,
        19,
        4,
        0
      ],
      [
        3,
        2,
        30,
        1
      ],
      [
        0,
        2,
        2,
        13
      ]
    ]
  },
  "healthcare": {
    "precision": 0.8347377857463021,
    "recall": 0.8350515463917526,
    "f1": 0.8339602334623479,
    "cohen_kappa": 0.7788858811796553,
    "per_class_report": {
      "mixed": {
        "precision": 0.8333333333333334,
        "recall": 0.8620689655172413,
        "f1-score": 0.847457627118644,
        "support": 29.0
      },
      "negative": {
        "precision": 0.8,
        "recall": 0.7272727272727273,
        "f1-score": 0.7619047619047619,
        "support": 22.0
      },
      "neutral": {
        "precision": 0.8695652173913043,
        "recall": 0.8333333333333334,
        "f1-score": 0.851063829787234,
        "support": 24.0
      },
      "positive": {
        "precision": 0.8333333333333334,
        "recall": 0.9090909090909091,
        "f1-score": 0.8695652173913043,
        "support": 22.0
      },
      "accuracy": 0.8350515463917526,
      "macro avg": {
        "precision": 0.8340579710144927,
        "recall": 0.8329414838035528,
        "f1-score": 0.832497859050486,
        "support": 97.0
      },
      "weighted avg": {
        "precision": 0.8347377857463021,
        "recall": 0.8350515463917526,
        "f1-score": 0.8339602334623479,
        "support": 97.0
      }
    },
    "confusion_matrix": [
      [
        25,
        1,
        2,
        1
      ],
      [
        3,
        16,
        1,
        2
      ],
      [
        1,
        2,
        20,
        1
      ],
      [
        1,
        1,
        0,
        20
      ]
    ]
  },
  "sports": {
    "precision": 0.8426602588946593,
    "recall": 0.8350515463917526,
    "f1": 0.8364250084926996,
    "cohen_kappa": 0.7783490431305341,
    "per_class_report": {
      "mixed": {
        "precision": 0.88,
        "recall": 0.8148148148148148,
        "f1-score": 0.8461538461538461,
        "support": 27.0
      },
      "negative": {
        "precision": 0.92,
        "recall": 0.8214285714285714,
        "f1-score": 0.8679245283018868,
        "support": 28.0
      },
      "neutral": {
        "precision": 0.7368421052631579,
        "recall": 0.875,
        "f1-score": 0.8,
        "support": 16.0
      },
      "positive": {
        "precision": 0.7857142857142857,
        "recall": 0.8461538461538461,
        "f1-score": 0.8148148148148148,
        "support": 26.0
      },
      "accuracy": 0.8350515463917526,
      "macro avg": {
        "precision": 0.8306390977443608,
        "recall": 0.8393493080993081,
        "f1-score": 0.8322232973176369,
        "support": 97.0
      },
      "weighted avg": {
        "precision": 0.8426602588946593,
        "recall": 0.8350515463917526,
        "f1-score": 0.8364250084926996,
        "support": 97.0
      }
    },
    "confusion_matrix": [
      [
        22,
        1,
        1,
        3
      ],
      [
        2,
        23,
        2,
        1
      ],
      [
        0,
        0,
        14,
        2
      ],
      [
        1,
        1,
        2,
        22
      ]
    ]
  },
  "technology": {
    "precision": 0.7781996988518728,
    "recall": 0.7727272727272727,
    "f1": 0.7729715094477481,
    "cohen_kappa": 0.696708599000517,
    "per_class_report": {
      "mixed": {
        "precision": 0.8333333333333334,
        "recall": 0.8333333333333334,
        "f1-score": 0.8333333333333334,
        "support": 24.0
      },
      "negative": {
        "precision": 0.8,
        "recall": 0.8421052631578947,
        "f1-score": 0.8205128205128205,
        "support": 19.0
      },
      "neutral": {
        "precision": 0.8095238095238095,
        "recall": 0.68,
        "f1-score": 0.7391304347826086,
        "support": 25.0
      },
      "positive": {
        "precision": 0.6521739130434783,
        "recall": 0.75,
        "f1-score": 0.6976744186046512,
        "support": 20.0
      },
      "accuracy": 0.7727272727272727,
      "macro avg": {
        "precision": 0.7737577639751554,
        "recall": 0.7763596491228071,
        "f1-score": 0.7726627518083534,
        "support": 88.0
      },
      "weighted avg": {
        "precision": 0.7781996988518728,
        "recall": 0.7727272727272727,
        "f1-score": 0.7729715094477481,
        "support": 88.0
      }
    },
    "confusion_matrix": [
      [
        20,
        1,
        1,
        2
      ],
      [
        0,
        16,
        1,
        2
      ],
      [
        3,
        1,
        17,
        4
      ],
      [
        1,
        2,
        2,
        15
      ]
    ]
  }
}