{
  "medium": {
    "precision": 0.8179500758325917,
    "recall": 0.8178137651821862,
    "f1": 0.8178361011131617,
    "cohen_kappa": 0.7563662069078894,
    "per_class_report": {
      "mixed": {
        "precision": 0.8382352941176471,
        "recall": 0.8201438848920863,
        "f1-score": 0.8290909090909091,
        "support": 139.0
      },
      "negative": {
        "precision": 0.8214285714285714,
        "recall": 0.8363636363636363,
        "f1-score": 0.8288288288288288,
        "support": 110.0
      },
      "neutral": {
        "precision": 0.8045112781954887,
        "recall": 0.8106060606060606,
        "f1-score": 0.8075471698113208,
        "support": 132.0
      },
      "positive": {
        "precision": 0.8053097345132744,
        "recall": 0.8053097345132744,
        "f1-score": 0.8053097345132744,
        "support": 113.0
      },
      "accuracy": 0.8178137651821862,
      "macro avg": {
        "precision": 0.8173712195637454,
        "recall": 0.8181058290937644,
        "f1-score": 0.8176941605610832,
        "support": 494.0
      },
      "weighted avg": {
        "precision": 0.8179500758325917,
        "recall": 0.8178137651821862,
        "f1-score": 0.8178361011131617,
        "support": 494.0
      }
    },
    "confusion_matrix": [
      [
        114,
        7,
        10,
        8
      ],
      [
        6,
        92,
        8,
        4
      ],
      [
        10,
        5,
        107,
        10
      ],
      [
        6,
        8,
        8,
        91
      ]
    ]
  }
}